<?xml version="1.0"?>
<pagescount>
	<html_total>10</html_total>
	<html_done>1</html_done>
	<img>83</img>
	<js>7</js>
	<css>3</css>
	<pdf/>
	<doc/>
	<xls/>
	<ppt/>
	<swf/>
	<mp3/>
	<mp4/>
	<wav/>
	<xml/>
	<json/>
	<txt/>
	<fonts>32</fonts>
	<scraping_reload>1</scraping_reload>
	<is_pretty_url>false</is_pretty_url>
	<is_ebn>false</is_ebn>
	<theme_name>172513</theme_name>
	<server_url_front_page>https://www6.waybackmachinedownloader.com/wdo/files/demo/afridex2019.com_tabramjee_afridex.org_74abjoaciq3/</server_url_front_page>
	<no_www_url>afridex2019.com</no_www_url>
	<hosted_domain/>
	<original_archive_url>https://www.afridex2019.com/</original_archive_url>
	<final_archive_url>https://www.afridex2019.com/</final_archive_url>
	<front_page_code_date/>
	<total_urls_from_api/>
	<search_url_added>false</search_url_added>
	<total_size>11344</total_size>
</pagescount>
